First Name,Last Name,Email Address,Chapter Name
Amy,Dockins,adockins@alphaomicronpi.org,HQ
Andrea,Theobald,atheobald@alphaomicronpi.org,HQ
Angela,Matula,amatula@alphaomicronpi.org,HQ
Jackie,Petrucci,jpetrucci@alphaomicronpi.org,HQ
Mandy,Doyle,mdoyle@alphaomicronpi.org,HQ
Taft,Sibley,taft@cslmanagement.com,HQ
